,team,period,id_match,possession,xg
0,Saudi Arabia,1,1,13-Saudi Arabia,0.018705852000000002
1,Russia,1,1,17-Russia,0.050341994
2,Russia,1,1,22-Russia,0.035292660000000003
3,Russia,1,1,25-Russia,0.07074226
4,Russia,1,1,26-Russia,0.09132000000000001
5,Saudi Arabia,1,1,42-Saudi Arabia,0.031889375000000005
6,Saudi Arabia,1,1,50-Saudi Arabia,0.02893965
7,Saudi Arabia,1,1,56-Saudi Arabia,0.10901712000000001
8,Russia,1,1,86-Russia,0.23187083
9,Russia,2,1,110-Russia,0.040208858
10,Russia,2,1,136-Russia,0.024569511000000002
11,Russia,2,1,138-Russia,0.06089679
12,Russia,2,1,145-Russia,0.02600411
13,Russia,2,1,153-Russia,0.26920947
14,Saudi Arabia,2,1,155-Saudi Arabia,0.01618839
15,Russia,2,1,163-Russia,0.056043763
16,Saudi Arabia,2,1,171-Saudi Arabia,0.025701758
17,Russia,2,1,177-Russia,0.017092118
18,Russia,2,1,188-Russia,0.03330527
19,Russia,2,1,193-Russia,0.037057770000000004
20,Nigeria,1,2,33-Nigeria,0.010660103
21,Croatia,1,2,34-Croatia,0.07181057
22,Croatia,1,2,37-Croatia,0.016783264000000003
23,Nigeria,1,2,46-Nigeria,0.017374998000000003
24,Nigeria,1,2,47-Nigeria,0.020826573
25,Croatia,1,2,65-Croatia,0.032572243
26,Croatia,1,2,66-Croatia,0.30873626
27,Nigeria,1,2,68-Nigeria,0.16443154000000001
28,Croatia,1,2,78-Croatia,0.07256923600000001
29,Croatia,1,2,78-Croatia,0.017190125
30,Nigeria,1,2,83-Nigeria,0.037955903
31,Nigeria,1,2,83-Nigeria,0.015733335
32,Nigeria,2,2,90-Nigeria,0.018591195
33,Croatia,2,2,93-Croatia,0.012014412
34,Nigeria,2,2,95-Nigeria,0.026541801
35,Nigeria,2,2,111-Nigeria,0.05566098
36,Croatia,2,2,117-Croatia,0.050183352
37,Croatia,2,2,131-Croatia,0.76
38,Croatia,2,2,136-Croatia,0.021700997
39,Nigeria,2,2,141-Nigeria,0.042546097000000005
40,Nigeria,2,2,147-Nigeria,0.032777537
41,Nigeria,2,2,158-Nigeria,0.01177382
42,Nigeria,2,2,159-Nigeria,0.11512936
43,Croatia,2,2,172-Croatia,0.17380022
44,France,1,3,3-France,0.033382967
45,France,1,3,6-France,0.056292735
46,France,1,3,11-France,0.041570134
47,France,1,3,16-France,0.023818359
48,Australia,1,3,25-Australia,0.027607637
49,Australia,1,3,32-Australia,0.019019406000000003
50,France,1,3,62-France,0.050378084000000004
51,Australia,1,3,79-Australia,0.02100948
52,France,2,3,102-France,0.76
53,France,2,3,104-France,0.11177876
54,France,2,3,104-France,0.06688225
55,Australia,2,3,108-Australia,0.76
56,France,2,3,121-France,0.009462409
57,France,2,3,125-France,0.021418445
58,France,2,3,148-France,0.06197745700000001
59,France,2,3,157-France,0.042216487000000004
60,Australia,2,3,172-Australia,0.050744686000000004
61,Iceland,1,4,2-Iceland,0.02143235
62,Argentina,1,4,5-Argentina,0.14851512
63,Argentina,1,4,13-Argentina,0.024170863
64,Iceland,1,4,14-Iceland,0.060888756
65,Iceland,1,4,16-Iceland,0.04363545
66,Iceland,1,4,16-Iceland,0.1611868
67,Argentina,1,4,19-Argentina,0.022574734000000003
68,Argentina,1,4,26-Argentina,0.030986823000000004
69,Argentina,1,4,27-Argentina,0.017576769000000003
70,Argentina,1,4,27-Argentina,0.117470056
71,Argentina,1,4,29-Argentina,0.022280727
72,Iceland,1,4,33-Iceland,0.34145403
73,Iceland,1,4,33-Iceland,0.30160245
74,Argentina,1,4,40-Argentina,0.024481881
75,Argentina,1,4,41-Argentina,0.02527951
76,Argentina,1,4,49-Argentina,0.031602383000000005
77,Argentina,1,4,54-Argentina,0.023017397000000002
78,Argentina,1,4,59-Argentina,0.0670455
79,Iceland,1,4,62-Iceland,0.0330386
80,Iceland,1,4,63-Iceland,0.036398467000000004
81,Argentina,2,4,67-Argentina,0.044450566000000004
82,Iceland,2,4,72-Iceland,0.030675782000000002
83,Argentina,2,4,78-Argentina,0.07803119
84,Argentina,2,4,79-Argentina,0.028912688000000002
85,Argentina,2,4,85-Argentina,0.048812483000000004
86,Argentina,2,4,89-Argentina,0.76
87,Argentina,2,4,91-Argentina,0.018791141
88,Argentina,2,4,94-Argentina,0.02798816
89,Argentina,2,4,98-Argentina,0.024525665000000002
90,Argentina,2,4,101-Argentina,0.017025284
91,Argentina,2,4,104-Argentina,0.02377906
92,Argentina,2,4,118-Argentina,0.043929283
93,Argentina,2,4,120-Argentina,0.028638465000000002
94,Argentina,2,4,120-Argentina,0.03489806
95,Argentina,2,4,127-Argentina,0.013733204
96,Argentina,2,4,135-Argentina,0.0340071
97,Argentina,2,4,138-Argentina,0.048553884000000005
98,Peru,1,5,12-Peru,0.010804985000000001
99,Peru,1,5,18-Peru,0.01308281
100,Peru,1,5,26-Peru,0.026492061
101,Peru,1,5,29-Peru,0.021991199000000003
102,Peru,1,5,32-Peru,0.013026215
103,Peru,1,5,33-Peru,0.014624380000000001
104,Denmark,1,5,43-Denmark,0.03143921
105,Denmark,1,5,55-Denmark,0.024740027
106,Peru,1,5,58-Peru,0.12860453
107,Denmark,1,5,73-Denmark,0.07275482
108,Denmark,1,5,73-Denmark,0.023921797
109,Denmark,1,5,76-Denmark,0.030539736
110,Peru,1,5,81-Peru,0.76
111,Denmark,1,5,83-Denmark,0.10667448
112,Peru,2,5,96-Peru,0.015130636000000001
113,Denmark,2,5,97-Denmark,0.011200062
114,Denmark,2,5,100-Denmark,0.016678322000000002
115,Peru,2,5,107-Peru,0.18413545
116,Denmark,2,5,112-Denmark,0.22741668
117,Peru,2,5,113-Peru,0.13210443
118,Peru,2,5,118-Peru,0.17683983
119,Peru,2,5,125-Peru,0.027020594000000002
120,Peru,2,5,131-Peru,0.018496068
121,Peru,2,5,141-Peru,0.0794071
122,Denmark,2,5,143-Denmark,0.10593174
123,Peru,2,5,145-Peru,0.17763694
124,Denmark,2,5,147-Denmark,0.35417953
125,Peru,2,5,167-Peru,0.08892101000000001
126,Switzerland,1,6,7-Switzerland,0.19710079
127,Brazil,1,6,18-Brazil,0.46675408
128,Brazil,1,6,25-Brazil,0.037262335
129,Brazil,1,6,34-Brazil,0.021609597
130,Switzerland,1,6,48-Switzerland,0.009065702
131,Brazil,1,6,54-Brazil,0.19256097
132,Switzerland,1,6,65-Switzerland,0.051013418000000005
133,Brazil,1,6,75-Brazil,0.06039129
134,Switzerland,2,6,78-Switzerland,0.013138825000000002
135,Switzerland,2,6,88-Switzerland,0.18520968000000002
136,Brazil,2,6,102-Brazil,0.050548155000000004
137,Brazil,2,6,102-Brazil,0.040195018000000006
138,Brazil,2,6,102-Brazil,0.059846766
139,Brazil,2,6,104-Brazil,0.058555935
140,Brazil,2,6,105-Brazil,0.015688239
141,Brazil,2,6,122-Brazil,0.01954643
142,Brazil,2,6,123-Brazil,0.035224535
143,Brazil,2,6,123-Brazil,0.025777671000000002
144,Brazil,2,6,126-Brazil,0.078255266
145,Switzerland,2,6,129-Switzerland,0.056811962
146,Brazil,2,6,140-Brazil,0.0153418975
147,Brazil,2,6,142-Brazil,0.017624110000000002
148,Brazil,2,6,152-Brazil,0.03511674
149,Brazil,2,6,164-Brazil,0.041703403
150,Switzerland,2,6,166-Switzerland,0.033755716000000005
151,Brazil,2,6,168-Brazil,0.15430354000000002
152,Brazil,2,6,171-Brazil,0.04976047
153,Brazil,2,6,181-Brazil,0.13879864
154,Mexico,1,7,4-Mexico,0.11954614000000001
155,Germany,1,7,7-Germany,0.05406139
156,Germany,1,7,12-Germany,0.07986238
157,Mexico,1,7,17-Mexico,0.07760888
158,Mexico,1,7,20-Mexico,0.022707480000000002
159,Mexico,1,7,29-Mexico,0.06243751
160,Germany,1,7,32-Germany,0.020580625
161,Germany,1,7,34-Germany,0.012994583
162,Germany,1,7,43-Germany,0.11295722
163,Germany,1,7,48-Germany,0.032710213
164,Mexico,1,7,50-Mexico,0.040863596
165,Mexico,1,7,57-Mexico,0.032820657
166,Mexico,1,7,63-Mexico,0.038912017
167,Mexico,1,7,75-Mexico,0.12458481
168,Germany,1,7,77-Germany,0.03675585
169,Germany,1,7,78-Germany,0.06536453
170,Mexico,1,7,92-Mexico,0.068931244
171,Germany,2,7,99-Germany,0.02720282
172,Germany,2,7,110-Germany,0.01670392
173,Germany,2,7,117-Germany,0.033600736
174,Germany,2,7,118-Germany,0.0381895
175,Mexico,2,7,122-Mexico,0.07200163600000001
176,Germany,2,7,129-Germany,0.047657218
177,Germany,2,7,132-Germany,0.07850256600000001
178,Germany,2,7,137-Germany,0.026346067
179,Germany,2,7,138-Germany,0.18988016
180,Germany,2,7,142-Germany,0.017691562
181,Germany,2,7,144-Germany,0.046757434
182,Germany,2,7,146-Germany,0.13658778
183,Mexico,2,7,149-Mexico,0.043884493000000004
184,Germany,2,7,152-Germany,0.027038997000000002
185,Mexico,2,7,158-Mexico,0.044509128
186,Germany,2,7,163-Germany,0.039553158000000005
187,Germany,2,7,168-Germany,0.045086257000000005
188,Germany,2,7,171-Germany,0.10165854
189,Germany,2,7,174-Germany,0.46645513
190,Germany,2,7,174-Germany,0.038186207
191,Germany,2,7,176-Germany,0.017043432
192,Serbia,1,8,3-Serbia,0.05058246
193,Costa Rica,1,8,4-Costa Rica,0.06152869800000001
194,Costa Rica,1,8,5-Costa Rica,0.09169474
195,Serbia,1,8,19-Serbia,0.01728337
196,Costa Rica,1,8,28-Costa Rica,0.11094657000000001
197,Serbia,1,8,30-Serbia,0.052117657000000005
198,Serbia,1,8,36-Serbia,0.06477197
199,Costa Rica,1,8,73-Costa Rica,0.03432439
200,Costa Rica,1,8,79-Costa Rica,0.044854153
201,Serbia,2,8,96-Serbia,0.24559093
202,Serbia,2,8,105-Serbia,0.11098922
203,Serbia,2,8,109-Serbia,0.027233627000000003
204,Serbia,2,8,127-Serbia,0.049006
205,Serbia,2,8,143-Serbia,0.031802494
206,Serbia,2,8,144-Serbia,0.86935264
207,Serbia,2,8,145-Serbia,0.034363363
208,Costa Rica,2,8,150-Costa Rica,0.03247985
209,Costa Rica,2,8,150-Costa Rica,0.06403600400000001
210,Serbia,2,8,171-Serbia,0.037827116
211,Costa Rica,2,8,172-Costa Rica,0.009701084
212,Costa Rica,2,8,179-Costa Rica,0.026676249000000003
213,Costa Rica,2,8,180-Costa Rica,0.046243023
214,Belgium,1,9,5-Belgium,0.18312706
215,Panama,1,9,9-Panama,0.017036932
216,Belgium,1,9,15-Belgium,0.039037585
217,Belgium,1,9,16-Belgium,0.047302447000000004
218,Belgium,1,9,25-Belgium,0.06379528
219,Belgium,1,9,39-Belgium,0.031940404
220,Belgium,1,9,43-Belgium,0.023139838000000003
221,Belgium,1,9,48-Belgium,0.025913171000000002
222,Belgium,1,9,67-Belgium,0.04780576
223,Panama,1,9,70-Panama,0.046143062000000006
224,Belgium,1,9,72-Belgium,0.03753204
225,Panama,1,9,74-Panama,0.026256744000000002
226,Belgium,2,9,88-Belgium,0.017947307000000003
227,Belgium,2,9,96-Belgium,0.047009107
228,Panama,2,9,100-Panama,0.3789995
229,Panama,2,9,101-Panama,0.062393790000000005
230,Panama,2,9,107-Panama,0.0706229
231,Belgium,2,9,117-Belgium,0.08577338600000001
232,Belgium,2,9,121-Belgium,0.28471023
233,Belgium,2,9,132-Belgium,0.20661631
234,Belgium,2,9,144-Belgium,0.05087548
235,Panama,2,9,152-Panama,0.02811123
236,England,1,10,6-England,0.33032507
237,England,1,10,7-England,0.03947171
238,England,1,10,16-England,0.030359996
239,England,1,10,17-England,0.05141881500000001
240,England,1,10,17-England,0.20904993
241,England,1,10,25-England,0.013603242000000001
242,Tunisia,1,10,38-Tunisia,0.014396829500000001
243,England,1,10,39-England,0.11271268
244,Tunisia,1,10,46-Tunisia,0.03196762
245,Tunisia,1,10,47-Tunisia,0.039188474
246,England,1,10,52-England,0.012016111000000001
247,Tunisia,1,10,59-Tunisia,0.76
248,England,1,10,66-England,0.07941490400000001
249,England,1,10,66-England,0.29211605
250,England,1,10,66-England,0.30349216
251,England,1,10,75-England,0.14722091
252,England,1,10,78-England,0.2503594
253,England,2,10,98-England,0.07662344
254,England,2,10,116-England,0.022027846
255,England,2,10,129-England,0.03674566
256,Tunisia,2,10,135-Tunisia,0.021723254
257,Tunisia,2,10,135-Tunisia,0.022302987
258,England,2,10,145-England,0.13008954
259,England,2,10,165-England,0.2673588
260,Sweden,1,11,28-Sweden,0.011632066
261,Sweden,1,11,43-Sweden,0.48879457
262,Sweden,1,11,44-Sweden,0.044361446000000006
263,Sweden,1,11,55-Sweden,0.027643258
264,Sweden,1,11,55-Sweden,0.22336428
265,South Korea,1,11,70-South Korea,0.047560120000000004
266,Sweden,1,11,71-Sweden,0.016017705
267,Sweden,1,11,79-Sweden,0.06520101
268,Sweden,1,11,82-Sweden,0.018821534
269,Sweden,1,11,82-Sweden,0.0700336
270,Sweden,1,11,88-Sweden,0.051293947000000006
271,Sweden,2,11,99-Sweden,0.06224685
272,South Korea,2,11,103-South Korea,0.032256506000000004
273,Sweden,2,11,112-Sweden,0.07252143
274,South Korea,2,11,113-South Korea,0.027675768000000003
275,Sweden,2,11,124-Sweden,0.76
276,Sweden,2,11,130-Sweden,0.009319368
277,Sweden,2,11,130-Sweden,0.03172104
278,Sweden,2,11,132-Sweden,0.044015057
279,South Korea,2,11,153-South Korea,0.03072288
280,South Korea,2,11,169-South Korea,0.10965749999999999
281,Senegal,1,12,25-Senegal,0.029101250000000002
282,Poland,1,12,37-Poland,0.028184499999999998
283,Poland,1,12,37-Poland,0.24967201
284,Poland,1,12,44-Poland,0.030301362000000002
285,Senegal,1,12,71-Senegal,0.053397283000000004
286,Senegal,1,12,77-Senegal,0.11853258
287,Senegal,1,12,86-Senegal,0.012518409000000001
288,Poland,2,12,95-Poland,0.05293553
289,Senegal,2,12,100-Senegal,0.09573508
290,Senegal,2,12,103-Senegal,0.09195685
291,Poland,2,12,106-Poland,0.040026650000000004
292,Senegal,2,12,112-Senegal,0.8804706999999999
293,Poland,2,12,118-Poland,0.017330522
294,Poland,2,12,125-Poland,0.13133492
295,Poland,2,12,143-Poland,0.04052681
296,Poland,2,12,155-Poland,0.31038433
297,Poland,2,12,164-Poland,0.01818088
298,Russia,1,13,9-Russia,0.021166429
299,Russia,1,13,10-Russia,0.088833705
300,Russia,1,13,11-Russia,0.051704764
301,Russia,1,13,30-Russia,0.041888576000000004
302,Egypt,1,13,32-Egypt,0.042425383000000004
303,Egypt,1,13,34-Egypt,0.028080137
304,Russia,1,13,39-Russia,0.017669465000000002
305,Russia,1,13,51-Russia,0.015591214
306,Egypt,1,13,53-Egypt,0.036125876
307,Egypt,1,13,74-Egypt,0.012320975000000001
308,Egypt,1,13,76-Egypt,0.04443378
309,Russia,1,13,84-Russia,0.019097101000000002
310,Egypt,1,13,85-Egypt,0.024707558
311,Russia,1,13,91-Russia,0.044222746
312,Egypt,1,13,92-Egypt,0.09230953
313,Russia,2,13,102-Russia,0.036011510000000004
314,Egypt,2,13,118-Egypt,0.17003208
315,Russia,2,13,124-Russia,0.13707718
316,Russia,2,13,128-Russia,0.1540676
317,Egypt,2,13,129-Egypt,0.020998532
318,Egypt,2,13,138-Egypt,0.094668135
319,Egypt,2,13,145-Egypt,0.019690832000000002
320,Egypt,2,13,149-Egypt,0.76
321,Russia,2,13,151-Russia,0.25482234
322,Egypt,2,13,184-Egypt,0.06755349000000001
323,Egypt,2,13,188-Egypt,0.039986745000000004
324,Egypt,2,13,196-Egypt,0.021883298000000002
325,Japan,1,14,9-Japan,0.31630328
326,Japan,1,14,9-Japan,0.21477284
327,Japan,1,14,10-Japan,0.76
328,Colombia,1,14,23-Colombia,0.23733062
329,Japan,1,14,29-Japan,0.16423297
330,Colombia,1,14,30-Colombia,0.02187296
331,Colombia,1,14,44-Colombia,0.019034741
332,Colombia,1,14,44-Colombia,0.016926613
333,Japan,1,14,57-Japan,0.078528024
334,Colombia,1,14,61-Colombia,0.11447096600000001
335,Colombia,1,14,70-Colombia,0.02401716
336,Japan,2,14,103-Japan,0.119883925
337,Japan,2,14,109-Japan,0.049375918000000005
338,Japan,2,14,112-Japan,0.08337962
339,Japan,2,14,116-Japan,0.020754715
340,Japan,2,14,123-Japan,0.045486458
341,Japan,2,14,126-Japan,0.011526943000000001
342,Japan,2,14,129-Japan,0.10128407
343,Japan,2,14,130-Japan,0.26908332
344,Colombia,2,14,139-Colombia,0.054148180000000004
345,Colombia,2,14,140-Colombia,0.049522948000000004
346,Colombia,2,14,140-Colombia,0.06779104500000001
347,Colombia,2,14,140-Colombia,0.09218808
348,Japan,2,14,142-Japan,0.043250736000000005
349,Morocco,1,15,2-Morocco,0.024870113000000003
350,Portugal,1,15,5-Portugal,0.012108186
351,Portugal,1,15,6-Portugal,0.17142358
352,Portugal,1,15,14-Portugal,0.034120120000000004
353,Morocco,1,15,20-Morocco,0.050073724
354,Morocco,1,15,31-Morocco,0.028214749
355,Morocco,1,15,39-Morocco,0.04440597
356,Morocco,1,15,46-Morocco,0.016039966000000003
357,Morocco,1,15,66-Morocco,0.079695866
358,Portugal,1,15,69-Portugal,0.092197135
359,Morocco,1,15,72-Morocco,0.013107423
360,Portugal,1,15,85-Portugal,0.20146838
361,Morocco,1,15,99-Morocco,0.11544923500000001
362,Portugal,2,15,108-Portugal,0.045683946
363,Portugal,2,15,117-Portugal,0.08245645
364,Portugal,2,15,117-Portugal,0.052618857000000005
365,Morocco,2,15,125-Morocco,0.025610482
366,Morocco,2,15,126-Morocco,0.031056577000000002
367,Morocco,2,15,131-Morocco,0.14440511
368,Morocco,2,15,139-Morocco,0.059138328000000004
369,Morocco,2,15,143-Morocco,0.048501592
370,Portugal,2,15,149-Portugal,0.017460244
371,Morocco,2,15,165-Morocco,0.16338645000000002
372,Morocco,2,15,168-Morocco,0.014200855
373,Portugal,2,15,170-Portugal,0.025731567
374,Portugal,2,15,174-Portugal,0.055824123
375,Morocco,2,15,184-Morocco,0.14964405
376,Morocco,2,15,188-Morocco,0.104628704
377,Portugal,2,15,193-Portugal,0.014313977
378,Spain,1,16,6-Spain,0.01786355
379,Iran,1,16,10-Iran,0.013370035
380,Spain,1,16,16-Spain,0.08535837
381,Iran,1,16,25-Iran,0.020638974
382,Spain,1,16,33-Spain,0.02594443
383,Spain,1,16,39-Spain,0.0249191
384,Spain,1,16,40-Spain,0.042006064
385,Spain,1,16,49-Spain,0.1726546
386,Spain,1,16,52-Spain,0.01939736
387,Spain,1,16,64-Spain,0.09097644
388,Spain,1,16,69-Spain,0.024049524000000003
389,Spain,1,16,73-Spain,0.05876834
390,Spain,2,16,83-Spain,0.30733067000000003
391,Spain,2,16,83-Spain,0.049936574000000004
392,Spain,2,16,86-Spain,0.07975816000000001
393,Spain,2,16,86-Spain,0.06639772000000001
394,Iran,2,16,88-Iran,0.024980698000000003
395,Spain,2,16,91-Spain,0.2380931
396,Iran,2,16,100-Iran,0.057836093000000005
397,Spain,2,16,107-Spain,0.09964107
398,Spain,2,16,107-Spain,0.7386488999999999
399,Spain,2,16,120-Spain,0.05580894300000001
400,Iran,2,16,128-Iran,0.08123071
401,Iran,2,16,145-Iran,0.08831501
402,Uruguay,1,17,4-Uruguay,0.05925877
403,Saudi Arabia,1,17,14-Saudi Arabia,0.07342517400000001
404,Uruguay,1,17,24-Uruguay,0.11909715
405,Uruguay,1,17,29-Uruguay,0.030935863
406,Saudi Arabia,1,17,40-Saudi Arabia,0.021019865000000002
407,Uruguay,1,17,42-Uruguay,0.22912021000000002
408,Uruguay,1,17,46-Uruguay,0.13207233000000002
409,Saudi Arabia,1,17,47-Saudi Arabia,0.018528312
410,Saudi Arabia,1,17,53-Saudi Arabia,0.064062715
411,Saudi Arabia,1,17,69-Saudi Arabia,0.012743077
412,Uruguay,2,17,100-Uruguay,0.015208112000000001
413,Uruguay,2,17,120-Uruguay,0.21240325000000002
414,Uruguay,2,17,124-Uruguay,0.016554318000000002
415,Uruguay,2,17,130-Uruguay,0.10708529500000001
416,Uruguay,2,17,144-Uruguay,0.13331152
417,Uruguay,2,17,148-Uruguay,0.021826210000000002
418,Uruguay,2,17,148-Uruguay,0.03182665
419,Uruguay,2,17,158-Uruguay,0.29683906
420,Uruguay,2,17,166-Uruguay,0.06426445
421,Saudi Arabia,2,17,167-Saudi Arabia,0.01745106
422,Saudi Arabia,2,17,168-Saudi Arabia,0.03654707
423,Saudi Arabia,2,17,170-Saudi Arabia,0.029915864
424,Croatia,1,18,9-Croatia,0.053366367000000005
425,Argentina,1,18,20-Argentina,0.07212851
426,Croatia,1,18,35-Croatia,0.015884396000000002
427,Argentina,1,18,54-Argentina,0.18040414
428,Croatia,1,18,57-Croatia,0.29297042
429,Croatia,1,18,85-Croatia,0.08012482
430,Argentina,2,18,98-Argentina,0.028094046
431,Argentina,2,18,109-Argentina,0.12027948000000001
432,Croatia,2,18,110-Croatia,0.30051515
433,Argentina,2,18,131-Argentina,0.24042495
434,Argentina,2,18,131-Argentina,0.27491793000000003
435,Argentina,2,18,132-Argentina,0.028746007
436,Croatia,2,18,137-Croatia,0.17589903
437,Argentina,2,18,147-Argentina,0.018741958
438,Croatia,2,18,167-Croatia,0.031276530000000004
439,Croatia,2,18,169-Croatia,0.025700070000000002
440,Argentina,2,18,173-Argentina,0.034136686
441,Croatia,2,18,177-Croatia,0.016561003
442,Croatia,2,18,177-Croatia,0.040177878
443,Croatia,2,18,184-Croatia,0.036595758
444,Croatia,2,18,184-Croatia,0.019761836
445,Argentina,2,18,185-Argentina,0.06309485000000001
446,Croatia,2,18,187-Croatia,0.12464456
447,Croatia,2,18,187-Croatia,0.6213680500000001
448,Peru,1,19,5-Peru,0.0248969
449,Peru,1,19,15-Peru,0.010214582
450,France,1,19,26-France,0.09892996400000001
451,France,1,19,28-France,0.023733139
452,France,1,19,32-France,0.08522045
453,France,1,19,35-France,0.03851875
454,Peru,1,19,49-Peru,0.020736078
455,Peru,1,19,66-Peru,0.1301415
456,France,1,19,72-France,0.20443179
457,France,1,19,77-France,0.16433902
458,France,1,19,77-France,0.8839463999999999
459,France,1,19,89-France,0.055633467000000006
460,France,1,19,89-France,0.08967164
461,Peru,2,19,106-Peru,0.031384133
462,Peru,2,19,118-Peru,0.050312653000000006
463,Peru,2,19,126-Peru,0.023162266
464,Peru,2,19,138-Peru,0.024587298
465,Peru,2,19,140-Peru,0.015492379
466,Peru,2,19,152-Peru,0.0479978
467,France,2,19,164-France,0.083817415
468,Peru,2,19,173-Peru,0.049563017
469,France,2,19,181-France,0.021971513
470,Peru,2,19,185-Peru,0.014094572000000001
471,France,2,19,186-France,0.09798796
472,Denmark,1,20,4-Denmark,0.12969798
473,Australia,1,20,9-Australia,0.035556152
474,Australia,1,20,10-Australia,0.11067461
475,Denmark,1,20,12-Denmark,0.17807434
476,Denmark,1,20,38-Denmark,0.020964142
477,Australia,1,20,41-Australia,0.0144702215
478,Denmark,1,20,42-Denmark,0.23664404
479,Australia,1,20,48-Australia,0.08418814000000001
480,Australia,1,20,48-Australia,0.01737078
481,Australia,1,20,57-Australia,0.031933285
482,Australia,1,20,58-Australia,0.76
483,Denmark,1,20,64-Denmark,0.01817287
484,Denmark,2,20,90-Denmark,0.11046509
485,Australia,2,20,121-Australia,0.01827378
486,Australia,2,20,123-Australia,0.025656668
487,Denmark,2,20,125-Denmark,0.02876342
488,Australia,2,20,128-Australia,0.019750344
489,Australia,2,20,136-Australia,0.09297391
490,Denmark,2,20,139-Denmark,0.06359424
491,Australia,2,20,151-Australia,0.022822853
492,Australia,2,20,151-Australia,0.07686506
493,Denmark,2,20,153-Denmark,0.022792682
494,Denmark,2,20,157-Denmark,0.026994241000000002
495,Brazil,1,21,7-Brazil,0.025891835000000002
496,Costa Rica,1,21,11-Costa Rica,0.011642729000000001
497,Costa Rica,1,21,19-Costa Rica,0.11192435
498,Costa Rica,1,21,22-Costa Rica,0.013050919000000001
499,Brazil,1,21,36-Brazil,0.01638249
500,Brazil,1,21,46-Brazil,0.019319078
501,Brazil,1,21,51-Brazil,0.018868813
502,Brazil,1,21,54-Brazil,0.016054738000000002
503,Brazil,1,21,64-Brazil,0.03502842
504,Brazil,1,21,78-Brazil,0.021204496
505,Brazil,2,21,88-Brazil,0.5228870999999999
506,Brazil,2,21,90-Brazil,0.14642368
507,Brazil,2,21,90-Brazil,0.10618072
508,Brazil,2,21,104-Brazil,0.27386364
509,Brazil,2,21,106-Brazil,0.064489804
510,Costa Rica,2,21,110-Costa Rica,0.03359647
511,Brazil,2,21,111-Brazil,0.057069547000000005
512,Brazil,2,21,115-Brazil,0.019177465
513,Brazil,2,21,126-Brazil,0.10479179999999999
514,Brazil,2,21,127-Brazil,0.07690819
515,Brazil,2,21,130-Brazil,0.109512486
516,Brazil,2,21,136-Brazil,0.03005449
517,Brazil,2,21,148-Brazil,0.013303047
518,Brazil,2,21,160-Brazil,0.0256033
519,Brazil,2,21,165-Brazil,0.3106371
520,Brazil,2,21,167-Brazil,0.13285583
521,Brazil,2,21,172-Brazil,0.8355754
522,Iceland,1,22,5-Iceland,0.057491936
523,Iceland,1,22,10-Iceland,0.10937866
524,Nigeria,1,22,17-Nigeria,0.013561881000000001
525,Iceland,1,22,46-Iceland,0.017369583
526,Iceland,1,22,73-Iceland,0.023213308000000002
527,Iceland,1,22,88-Iceland,0.19621739
528,Iceland,1,22,91-Iceland,0.019586857000000003
529,Nigeria,2,22,93-Nigeria,0.037820626
530,Nigeria,2,22,101-Nigeria,0.20908195000000002
531,Nigeria,2,22,107-Nigeria,0.011201525
532,Nigeria,2,22,121-Nigeria,0.01598479
533,Iceland,2,22,126-Iceland,0.043755785000000005
534,Nigeria,2,22,127-Nigeria,0.029379696
535,Nigeria,2,22,127-Nigeria,0.048962377
536,Nigeria,2,22,129-Nigeria,0.03178135
537,Nigeria,2,22,135-Nigeria,0.07898208
538,Nigeria,2,22,137-Nigeria,0.022366038
539,Nigeria,2,22,137-Nigeria,0.036458824
540,Nigeria,2,22,137-Nigeria,0.039537836
541,Nigeria,2,22,139-Nigeria,0.5662784
542,Nigeria,2,22,145-Nigeria,0.02556131
543,Iceland,2,22,147-Iceland,0.76
544,Nigeria,2,22,150-Nigeria,0.048262764
545,Iceland,2,22,157-Iceland,0.11045988
546,Nigeria,2,22,160-Nigeria,0.02451271
547,Iceland,2,22,162-Iceland,0.03986035
548,Nigeria,2,22,175-Nigeria,0.06865931
549,Switzerland,1,23,8-Switzerland,0.011064978000000001
550,Serbia,1,23,9-Serbia,0.15333353
551,Serbia,1,23,9-Serbia,0.055369556
552,Serbia,1,23,10-Serbia,0.27694622
553,Switzerland,1,23,15-Switzerland,0.011960354000000001
554,Switzerland,1,23,18-Switzerland,0.13933566
555,Serbia,1,23,26-Serbia,0.019639514
556,Serbia,1,23,32-Serbia,0.036709405
557,Serbia,1,23,39-Serbia,0.022118941000000003
558,Switzerland,1,23,47-Switzerland,0.054972406
559,Switzerland,1,23,47-Switzerland,0.023578126
560,Switzerland,1,23,52-Switzerland,0.052949157000000004
561,Switzerland,1,23,60-Switzerland,0.30092399999999997
562,Switzerland,1,23,61-Switzerland,0.043924466
563,Serbia,1,23,74-Serbia,0.023544151000000003
564,Serbia,1,23,105-Serbia,0.052392060000000004
565,Serbia,1,23,108-Serbia,0.052681208
566,Serbia,1,23,113-Serbia,0.043889556
567,Switzerland,2,23,126-Switzerland,0.025405357
568,Serbia,2,23,131-Serbia,0.08857822
569,Switzerland,2,23,132-Switzerland,0.053727210000000004
570,Switzerland,2,23,132-Switzerland,0.037638523
571,Switzerland,2,23,145-Switzerland,0.01675284
572,Serbia,2,23,178-Serbia,0.033138152000000004
573,Switzerland,2,23,185-Switzerland,0.014052365
574,Switzerland,2,23,191-Switzerland,0.015180157000000001
575,Switzerland,2,23,193-Switzerland,0.25237432
576,Switzerland,2,23,196-Switzerland,0.03253323
577,Switzerland,2,23,197-Switzerland,0.08074959
578,Switzerland,2,23,205-Switzerland,0.27240276
579,Switzerland,2,23,213-Switzerland,0.06798091
580,Germany,1,24,5-Germany,0.2587802
581,Germany,1,24,6-Germany,0.048380636000000005
582,Sweden,1,24,19-Sweden,0.35076055
583,Germany,1,24,28-Germany,0.024559017000000002
584,Sweden,1,24,30-Sweden,0.059108403000000004
585,Germany,1,24,32-Germany,0.022048134
586,Sweden,1,24,51-Sweden,0.13163888
587,Germany,1,24,61-Germany,0.026249522
588,Germany,1,24,74-Germany,0.01792217
589,Sweden,1,24,78-Sweden,0.02508229
590,Germany,2,24,81-Germany,0.16193669
591,Germany,2,24,83-Germany,0.02419233
592,Germany,2,24,85-Germany,0.025026999999999997
593,Germany,2,24,96-Germany,0.07018305
594,Germany,2,24,109-Germany,0.054763876
595,Germany,2,24,109-Germany,0.01955204
596,Germany,2,24,123-Germany,0.020372882000000002
597,Germany,2,24,124-Germany,0.021211362
598,Sweden,2,24,128-Sweden,0.011128817000000001
599,Germany,2,24,136-Germany,0.14320776
600,Sweden,2,24,139-Sweden,0.043599606000000006
601,Germany,2,24,146-Germany,0.08004238500000001
602,Germany,2,24,154-Germany,0.061080895
603,Sweden,2,24,157-Sweden,0.023457304000000002
604,Germany,2,24,163-Germany,0.031483196000000005
605,Belgium,1,25,8-Belgium,0.036363214000000005
606,Belgium,1,25,12-Belgium,0.76
607,Belgium,1,25,26-Belgium,0.034688674
608,Belgium,1,25,28-Belgium,0.29124388
609,Belgium,1,25,37-Belgium,0.022494243
610,Belgium,1,25,49-Belgium,0.28816208
611,Tunisia,1,25,52-Tunisia,0.14983106000000002
612,Belgium,1,25,55-Belgium,0.06394411
613,Belgium,1,25,61-Belgium,0.03181706
614,Belgium,1,25,72-Belgium,0.07427109999999999
615,Tunisia,1,25,75-Tunisia,0.05762701
616,Tunisia,1,25,77-Tunisia,0.056162447000000004
617,Tunisia,1,25,83-Tunisia,0.023224406000000003
618,Tunisia,1,25,99-Tunisia,0.029525992
619,Tunisia,1,25,104-Tunisia,0.03364943
620,Belgium,1,25,118-Belgium,0.4800813
621,Belgium,2,25,122-Belgium,0.06986711
622,Tunisia,2,25,128-Tunisia,0.26858062
623,Tunisia,2,25,131-Tunisia,0.043425985
624,Belgium,2,25,135-Belgium,0.709792
625,Tunisia,2,25,141-Tunisia,0.15817738
626,Tunisia,2,25,147-Tunisia,0.023737099
627,Tunisia,2,25,154-Tunisia,0.11295295
628,Belgium,2,25,155-Belgium,0.06753851
629,Belgium,2,25,161-Belgium,0.034061607
630,Tunisia,2,25,164-Tunisia,0.027847597
631,Tunisia,2,25,164-Tunisia,0.061652906
632,Tunisia,2,25,165-Tunisia,0.08621028
633,Tunisia,2,25,173-Tunisia,0.025279861
634,Belgium,2,25,185-Belgium,0.68146193
635,Belgium,2,25,192-Belgium,0.027852349000000002
636,Belgium,2,25,192-Belgium,0.6698925
637,Belgium,2,25,192-Belgium,0.02653874
638,Belgium,2,25,196-Belgium,0.217128
639,Belgium,2,25,196-Belgium,0.059047014
640,Belgium,2,25,197-Belgium,0.017542366
641,Belgium,2,25,211-Belgium,0.19155373
642,Tunisia,2,25,212-Tunisia,0.010783357
643,Belgium,2,25,214-Belgium,0.17088552
644,Tunisia,2,25,218-Tunisia,0.30937353
645,Mexico,1,26,17-Mexico,0.081230514
646,Mexico,1,26,28-Mexico,0.019220501
647,Mexico,1,26,34-Mexico,0.014635118
648,South Korea,1,26,50-South Korea,0.073598206
649,South Korea,1,26,50-South Korea,0.18476109000000002
650,South Korea,1,26,50-South Korea,0.040161937
651,South Korea,1,26,51-South Korea,0.030657679
652,Mexico,1,26,54-Mexico,0.76
653,Mexico,1,26,56-Mexico,0.10922122000000001
654,South Korea,1,26,64-South Korea,0.027424358000000003
655,South Korea,1,26,76-South Korea,0.044250224000000005
656,Mexico,1,26,84-Mexico,0.048528522000000004
657,South Korea,1,26,87-South Korea,0.025030775
658,South Korea,1,26,87-South Korea,0.046826597000000005
659,Mexico,2,26,104-Mexico,0.046526764000000005
660,Mexico,2,26,106-Mexico,0.052892018000000006
661,South Korea,2,26,107-South Korea,0.15388197
662,South Korea,2,26,108-South Korea,0.08450539
663,South Korea,2,26,115-South Korea,0.017731847000000002
664,Mexico,2,26,121-Mexico,0.038560286
665,Mexico,2,26,121-Mexico,0.06488323
666,Mexico,2,26,124-Mexico,0.25318858
667,South Korea,2,26,125-South Korea,0.06469921000000001
668,Mexico,2,26,126-Mexico,0.019384185
669,Mexico,2,26,132-Mexico,0.28997704
670,South Korea,2,26,136-South Korea,0.049857017000000003
671,South Korea,2,26,151-South Korea,0.013799192
672,South Korea,2,26,166-South Korea,0.018751351
673,South Korea,2,26,176-South Korea,0.031499278
674,Mexico,2,26,181-Mexico,0.027252752
675,South Korea,2,26,182-South Korea,0.024557017
676,Panama,1,27,5-Panama,0.0086923065
677,Panama,1,27,7-Panama,0.13380772
678,England,1,27,12-England,0.0623142
679,Panama,1,27,24-Panama,0.032469414
680,England,1,27,32-England,0.76
681,England,1,27,50-England,0.05880373
682,England,1,27,56-England,0.41121199999999997
683,England,1,27,56-England,0.44859952000000003
684,England,1,27,58-England,0.11916055
685,England,1,27,60-England,0.76
686,England,2,27,87-England,0.02866295
687,England,2,27,87-England,0.1345973
688,Panama,2,27,91-Panama,0.17171514000000002
689,England,2,27,96-England,0.0392272
690,Panama,2,27,100-Panama,0.3724732
691,Panama,2,27,103-Panama,0.16298182
692,England,2,27,107-England,0.019273257000000002
693,Panama,2,27,129-Panama,0.0428649
694,Panama,2,27,129-Panama,0.01634675
695,Poland,1,28,6-Poland,0.01831525
696,Poland,1,28,13-Poland,0.16924209999999998
697,Colombia,1,28,31-Colombia,0.01599789
698,Poland,1,28,37-Poland,0.022514982000000003
699,Colombia,1,28,61-Colombia,0.012081112000000001
700,Colombia,1,28,72-Colombia,0.38586104
701,Poland,2,28,90-Poland,0.012869877
702,Poland,2,28,96-Poland,0.06546928
703,Colombia,2,28,101-Colombia,0.009792912
704,Colombia,2,28,103-Colombia,0.0726921
705,Colombia,2,28,106-Colombia,0.055960245000000006
706,Colombia,2,28,116-Colombia,0.049267657000000006
707,Colombia,2,28,117-Colombia,0.015689733
708,Poland,2,28,118-Poland,0.10013357
709,Poland,2,28,132-Poland,0.08447186
710,Colombia,2,28,139-Colombia,0.38005254
711,Poland,2,28,141-Poland,0.014449836
712,Colombia,2,28,145-Colombia,0.24294002
713,Poland,2,28,151-Poland,0.02090826
714,Poland,2,28,151-Poland,0.23357305
715,Colombia,2,28,155-Colombia,0.06900625
716,Colombia,2,28,156-Colombia,0.025630487
717,Poland,2,28,164-Poland,0.012536346
718,Colombia,2,28,166-Colombia,0.017059512000000002
719,Senegal,1,29,13-Senegal,0.016272865
720,Senegal,1,29,21-Senegal,0.0346099
721,Senegal,1,29,21-Senegal,0.498616
722,Senegal,1,29,24-Senegal,0.019989373
723,Japan,1,29,34-Japan,0.029319584000000003
724,Senegal,1,29,46-Senegal,0.14580283
725,Senegal,1,29,55-Senegal,0.10432292500000001
726,Japan,1,29,69-Japan,0.053610295
727,Senegal,1,29,79-Senegal,0.2906368
728,Japan,1,29,80-Japan,0.023832861
729,Japan,2,29,94-Japan,0.14451353
730,Senegal,2,29,97-Senegal,0.049625948
731,Senegal,2,29,101-Senegal,0.054240886
732,Senegal,2,29,110-Senegal,0.0326612
733,Japan,2,29,124-Japan,0.040753044
734,Senegal,2,29,135-Senegal,0.24138923
735,Senegal,2,29,135-Senegal,0.12633483
736,Japan,2,29,140-Japan,0.13612384
737,Japan,2,29,147-Japan,0.625386
738,Senegal,2,29,155-Senegal,0.15260601000000001
739,Senegal,2,29,169-Senegal,0.0191676
740,Senegal,2,29,173-Senegal,0.0629522
741,Portugal,1,30,5-Portugal,0.03164177
742,Iran,1,30,14-Iran,0.04105987
743,Portugal,1,30,19-Portugal,0.11828506
744,Portugal,1,30,26-Portugal,0.034381510000000004
745,Portugal,1,30,27-Portugal,0.06095367
746,Portugal,1,30,28-Portugal,0.050273843000000006
747,Portugal,1,30,30-Portugal,0.019434158
748,Iran,1,30,34-Iran,0.021542152000000002
749,Portugal,1,30,43-Portugal,0.03496407
750,Iran,1,30,48-Iran,0.041520547000000005
751,Portugal,1,30,59-Portugal,0.013058893
752,Portugal,1,30,64-Portugal,0.030474277
753,Portugal,1,30,68-Portugal,0.014790743
754,Portugal,2,30,82-Portugal,0.76
755,Iran,2,30,90-Iran,0.037908807
756,Portugal,2,30,97-Portugal,0.02293191
757,Portugal,2,30,105-Portugal,0.03487055
758,Portugal,2,30,111-Portugal,0.022814764
759,Iran,2,30,112-Iran,0.053590816000000006
760,Portugal,2,30,120-Portugal,0.02958038
761,Iran,2,30,136-Iran,0.03136833
762,Iran,2,30,137-Iran,0.76
763,Iran,2,30,138-Iran,0.03842764
764,Iran,2,30,138-Iran,0.33129102
765,Uruguay,1,31,3-Uruguay,0.012270391
766,Uruguay,1,31,20-Uruguay,0.05291831
767,Russia,1,31,22-Russia,0.086911894
768,Uruguay,1,31,42-Uruguay,0.013857404
769,Uruguay,1,31,54-Uruguay,0.38045809999999997
770,Uruguay,2,31,87-Uruguay,0.06541928
771,Uruguay,2,31,107-Uruguay,0.028667944
772,Uruguay,2,31,120-Uruguay,0.011836327
773,Uruguay,2,31,122-Uruguay,0.04266595
774,Russia,2,31,125-Russia,0.024113007000000002
775,Russia,2,31,128-Russia,0.06632938000000001
776,Uruguay,2,31,147-Uruguay,0.016457884000000002
777,Uruguay,2,31,148-Uruguay,0.24447761
778,Uruguay,2,31,153-Uruguay,0.09518387
779,Uruguay,2,31,160-Uruguay,0.022976477000000002
780,Uruguay,2,31,161-Uruguay,0.09618611
781,Uruguay,2,31,161-Uruguay,0.69407475
782,Uruguay,2,31,169-Uruguay,0.35172197
783,Uruguay,2,31,169-Uruguay,0.023568692000000002
784,Saudi Arabia,1,32,6-Saudi Arabia,0.024257151
785,Saudi Arabia,1,32,19-Saudi Arabia,0.013501375000000001
786,Egypt,1,32,20-Egypt,0.023701252000000003
787,Saudi Arabia,1,32,21-Saudi Arabia,0.05181046
788,Egypt,1,32,32-Egypt,0.11530839
789,Egypt,1,32,36-Egypt,0.38168192
790,Saudi Arabia,1,32,39-Saudi Arabia,0.011393460000000001
791,Saudi Arabia,1,32,54-Saudi Arabia,0.02175674
792,Saudi Arabia,1,32,55-Saudi Arabia,0.012578527
793,Egypt,1,32,58-Egypt,0.08387803
794,Egypt,1,32,60-Egypt,0.05538037
795,Saudi Arabia,1,32,66-Saudi Arabia,0.10865575
796,Saudi Arabia,1,32,74-Saudi Arabia,0.76
797,Saudi Arabia,1,32,75-Saudi Arabia,0.048336126
798,Saudi Arabia,1,32,85-Saudi Arabia,0.76
799,Saudi Arabia,2,32,97-Saudi Arabia,0.07001539
800,Egypt,2,32,102-Egypt,0.04205943
801,Saudi Arabia,2,32,104-Saudi Arabia,0.016840603000000003
802,Saudi Arabia,2,32,108-Saudi Arabia,0.016618181000000003
803,Saudi Arabia,2,32,117-Saudi Arabia,0.02902607
804,Saudi Arabia,2,32,125-Saudi Arabia,0.04086681
805,Saudi Arabia,2,32,126-Saudi Arabia,0.09423788
806,Egypt,2,32,128-Egypt,0.04000725
807,Saudi Arabia,2,32,135-Saudi Arabia,0.021923799
808,Egypt,2,32,136-Egypt,0.036228996
809,Saudi Arabia,2,32,140-Saudi Arabia,0.03500678
810,Saudi Arabia,2,32,141-Saudi Arabia,0.06328302
811,Saudi Arabia,2,32,163-Saudi Arabia,0.016586006
812,Saudi Arabia,2,32,168-Saudi Arabia,0.03955114
813,Morocco,1,33,26-Morocco,0.42528000000000005
814,Spain,1,33,31-Spain,0.023574563
815,Spain,1,33,33-Spain,0.42759952
816,Spain,1,33,38-Spain,0.031689107
817,Spain,1,33,47-Spain,0.06095995
818,Morocco,1,33,49-Morocco,0.25011095
819,Spain,1,33,52-Spain,0.17190035
820,Spain,1,33,64-Spain,0.12621395
821,Morocco,1,33,74-Morocco,0.020832518
822,Spain,1,33,82-Spain,0.44120178
823,Morocco,2,33,85-Morocco,0.036428012
824,Spain,2,33,95-Spain,0.048332099999999996
825,Morocco,2,33,102-Morocco,0.020239111
826,Spain,2,33,103-Spain,0.018565152
827,Morocco,2,33,106-Morocco,0.07252403
828,Spain,2,33,107-Spain,0.07251491
829,Spain,2,33,110-Spain,0.13220485
830,Spain,2,33,111-Spain,0.042990487
831,Spain,2,33,115-Spain,0.10340550500000001
832,Spain,2,33,119-Spain,0.029122727
833,Spain,2,33,130-Spain,0.012422299000000001
834,Morocco,2,33,134-Morocco,0.09762832
835,Morocco,2,33,135-Morocco,0.0329065
836,Spain,2,33,140-Spain,0.11602945
837,Spain,2,33,142-Spain,0.07204383
838,Spain,2,33,152-Spain,0.30962056
839,Croatia,1,34,29-Croatia,0.02288839
840,Iceland,1,34,44-Iceland,0.03465079
841,Iceland,1,34,47-Iceland,0.036197208
842,Iceland,1,34,55-Iceland,0.026580952
843,Iceland,1,34,55-Iceland,0.08389647
844,Croatia,1,34,61-Croatia,0.035108577
845,Croatia,1,34,67-Croatia,0.015822556
846,Iceland,1,34,71-Iceland,0.16748156
847,Croatia,1,34,74-Croatia,0.012112504000000001
848,Iceland,1,34,78-Iceland,0.012247054
849,Iceland,1,34,81-Iceland,0.11935889999999999
850,Iceland,1,34,83-Iceland,0.043278802000000005
851,Croatia,2,34,100-Croatia,0.027463444
852,Croatia,2,34,103-Croatia,0.18810147
853,Iceland,2,34,105-Iceland,0.07956356
854,Iceland,2,34,105-Iceland,0.08207111
855,Iceland,2,34,107-Iceland,0.047457915
856,Iceland,2,34,109-Iceland,0.017435817000000003
857,Iceland,2,34,123-Iceland,0.019959653
858,Croatia,2,34,124-Croatia,0.016868416
859,Iceland,2,34,133-Iceland,0.19779648
860,Croatia,2,34,134-Croatia,0.02287354
861,Iceland,2,34,136-Iceland,0.76
862,Iceland,2,34,137-Iceland,0.01516248
863,Croatia,2,34,152-Croatia,0.026213044
864,Croatia,2,34,157-Croatia,0.05930448
865,Croatia,2,34,158-Croatia,0.07502821
866,Croatia,2,34,160-Croatia,0.12764852000000002
867,Croatia,2,34,162-Croatia,0.053129584
868,Iceland,2,34,170-Iceland,0.1290743
869,Australia,1,35,12-Australia,0.032260116000000005
870,Australia,1,35,27-Australia,0.04956314
871,Peru,1,35,36-Peru,0.03520762
872,Australia,1,35,39-Australia,0.12968844000000002
873,Peru,1,35,47-Peru,0.03695535
874,Australia,1,35,54-Australia,0.18034145000000001
875,Peru,1,35,64-Peru,0.009120663000000001
876,Australia,1,35,66-Australia,0.14605014
877,Australia,1,35,73-Australia,0.07019612
878,Peru,2,35,90-Peru,0.16553356
879,Australia,2,35,92-Australia,0.041804142
880,Australia,2,35,99-Australia,0.028815769
881,Australia,2,35,100-Australia,0.03169169
882,Australia,2,35,106-Australia,0.24491735
883,Australia,2,35,107-Australia,0.035091527000000004
884,Australia,2,35,107-Australia,0.058484720000000004
885,Australia,2,35,108-Australia,0.09503439999999999
886,Australia,2,35,118-Australia,0.04962042
887,Australia,2,35,123-Australia,0.03299891
888,Australia,2,35,151-Australia,0.07563852
889,France,1,36,31-France,0.068585396
890,France,1,36,32-France,0.033293657000000004
891,France,1,36,60-France,0.016363038
892,France,1,36,70-France,0.021532517
893,France,1,36,81-France,0.01668691
894,Denmark,1,36,84-Denmark,0.02253024
895,France,2,36,96-France,0.01912419
896,Denmark,2,36,103-Denmark,0.014689237
897,France,2,36,106-France,0.017422441
898,Denmark,2,36,111-Denmark,0.06069854
899,Denmark,2,36,117-Denmark,0.015391399000000002
900,Denmark,2,36,124-Denmark,0.039661516
901,France,2,36,128-France,0.022302607000000002
902,France,2,36,135-France,0.04262717
903,France,2,36,139-France,0.031574838
904,France,2,36,145-France,0.028500605000000002
905,Nigeria,1,37,20-Nigeria,0.07308671600000001
906,Argentina,1,37,22-Argentina,0.07063968
907,Nigeria,1,37,24-Nigeria,0.02119574
908,Argentina,1,37,36-Argentina,0.1406152
909,Argentina,1,37,55-Argentina,0.17647308
910,Argentina,1,37,61-Argentina,0.086157694
911,Argentina,1,37,72-Argentina,0.05346671
912,Nigeria,1,37,76-Nigeria,0.018125705000000002
913,Nigeria,1,37,89-Nigeria,0.026643973
914,Nigeria,2,37,101-Nigeria,0.76
915,Nigeria,2,37,140-Nigeria,0.031723164000000005
916,Nigeria,2,37,151-Nigeria,0.14761966
917,Argentina,2,37,153-Argentina,0.03282676
918,Argentina,2,37,155-Argentina,0.1579142
919,Nigeria,2,37,161-Nigeria,0.09697164600000001
920,Nigeria,2,37,162-Nigeria,0.025445122
921,Argentina,2,37,163-Argentina,0.07015561000000001
922,Brazil,1,38,7-Brazil,0.08920665
923,Brazil,1,38,10-Brazil,0.14380509
924,Serbia,1,38,30-Serbia,0.023055183
925,Serbia,1,38,31-Serbia,0.021833975000000002
926,Brazil,1,38,43-Brazil,0.08008471
927,Brazil,1,38,48-Brazil,0.08947645
928,Serbia,1,38,57-Serbia,0.07704537
929,Brazil,1,38,61-Brazil,0.21219607000000001
930,Serbia,1,38,66-Serbia,0.021728363
931,Brazil,1,38,82-Brazil,0.023824431
932,Serbia,2,38,101-Serbia,0.020658845000000002
933,Brazil,2,38,105-Brazil,0.07319936
934,Serbia,2,38,114-Serbia,0.2786627
935,Serbia,2,38,117-Serbia,0.03986147
936,Serbia,2,38,123-Serbia,0.0815156
937,Brazil,2,38,128-Brazil,0.17366906000000001
938,Brazil,2,38,131-Brazil,0.04483869
939,Brazil,2,38,132-Brazil,0.019489834
940,Brazil,2,38,137-Brazil,0.071465135
941,Brazil,2,38,145-Brazil,0.010578471
942,Serbia,2,38,146-Serbia,0.15434317
943,Brazil,2,38,153-Brazil,0.15084928
944,Serbia,2,38,158-Serbia,0.055942606000000006
945,Brazil,2,38,159-Brazil,0.04589554
946,Serbia,2,38,166-Serbia,0.015781227000000002
947,Brazil,2,38,167-Brazil,0.12522255000000002
948,Sweden,1,39,9-Sweden,0.047376513
949,Mexico,1,39,18-Mexico,0.012738693
950,Sweden,1,39,22-Sweden,0.038780876000000006
951,Sweden,1,39,22-Sweden,0.19490962
952,Sweden,1,39,29-Sweden,0.01653303
953,Mexico,1,39,32-Mexico,0.09088635
954,Sweden,1,39,34-Sweden,0.12500775
955,Mexico,1,39,43-Mexico,0.0120303845
956,Mexico,1,39,44-Mexico,0.21146984
957,Mexico,1,39,44-Mexico,0.024464171
958,Mexico,1,39,45-Mexico,0.021383567000000003
959,Sweden,1,39,54-Sweden,0.10975603
960,Sweden,1,39,55-Sweden,0.22950219
961,Sweden,1,39,60-Sweden,0.060280353
962,Mexico,1,39,64-Mexico,0.034849357000000004
963,Mexico,1,39,69-Mexico,0.046390332000000006
964,Mexico,1,39,73-Mexico,0.02039223
965,Mexico,1,39,79-Mexico,0.017482942
966,Sweden,1,39,87-Sweden,0.17723078
967,Sweden,2,39,98-Sweden,0.2417875
968,Sweden,2,39,98-Sweden,0.26911494
969,Sweden,2,39,101-Sweden,0.09328997
970,Mexico,2,39,103-Mexico,0.021379078000000003
971,Sweden,2,39,104-Sweden,0.030024936000000002
972,Sweden,2,39,109-Sweden,0.012040124000000001
973,Sweden,2,39,114-Sweden,0.76
974,Mexico,2,39,116-Mexico,0.013096423000000001
975,Mexico,2,39,120-Mexico,0.016298685
976,Mexico,2,39,121-Mexico,0.018282266000000002
977,Mexico,2,39,123-Mexico,0.056792185
978,Mexico,2,39,132-Mexico,0.043778814000000006
979,Mexico,2,39,140-Mexico,0.035687707
980,Mexico,2,39,140-Mexico,0.051225968000000004
981,Mexico,2,39,140-Mexico,0.707059
982,Mexico,2,39,154-Mexico,0.030551946000000003
983,Mexico,2,39,160-Mexico,0.01845097
984,Mexico,2,39,162-Mexico,0.027317936
985,Germany,1,40,12-Germany,0.019065768
986,Germany,1,40,27-Germany,0.035898812
987,South Korea,1,40,35-South Korea,0.021330810000000002
988,South Korea,1,40,36-South Korea,0.023674134000000003
989,South Korea,1,40,44-South Korea,0.050612006
990,Germany,1,40,55-Germany,0.07624944
991,Germany,1,40,65-Germany,0.08242476
992,Germany,1,40,66-Germany,0.059152264
993,Germany,1,40,66-Germany,0.24641468
994,Germany,1,40,77-Germany,0.021980122
995,South Korea,1,40,80-South Korea,0.035295475
996,South Korea,2,40,81-South Korea,0.02190062
997,Germany,2,40,84-Germany,0.11567797
998,Germany,2,40,91-Germany,0.011689258000000001
999,Germany,2,40,93-Germany,0.087618545
1000,South Korea,2,40,94-South Korea,0.21671331
1001,Germany,2,40,96-Germany,0.03110367
1002,Germany,2,40,96-Germany,0.016676843
1003,Germany,2,40,111-Germany,0.10341297
1004,South Korea,2,40,113-South Korea,0.032019146000000005
1005,Germany,2,40,117-Germany,0.043180406000000005
1006,Germany,2,40,124-Germany,0.16899532
1007,Germany,2,40,127-Germany,0.04141441
1008,Germany,2,40,132-Germany,0.27041715
1009,South Korea,2,40,146-South Korea,0.055300698
1010,Germany,2,40,154-Germany,0.1439069
1011,Germany,2,40,156-Germany,0.02601111
1012,Germany,2,40,158-Germany,0.10492737
1013,Germany,2,40,158-Germany,0.031064494
1014,Germany,2,40,164-Germany,0.20201616
1015,Germany,2,40,166-Germany,0.05791666
1016,South Korea,2,40,168-South Korea,0.015583166
1017,South Korea,2,40,173-South Korea,0.055537216
1018,South Korea,2,40,174-South Korea,0.5625472
1019,Germany,2,40,178-Germany,0.058141332000000004
1020,Germany,2,40,178-Germany,0.14552201
1021,South Korea,2,40,182-South Korea,0.8289791999999999
1022,Germany,2,40,183-Germany,0.056531943
1023,Germany,2,40,183-Germany,0.06468406
1024,Germany,2,40,184-Germany,0.054817688
1025,Germany,2,40,185-Germany,0.23345433000000002
1026,Switzerland,1,41,7-Switzerland,0.10359822
1027,Costa Rica,1,41,10-Costa Rica,0.023622544000000002
1028,Costa Rica,1,41,10-Costa Rica,0.13182673
1029,Costa Rica,1,41,11-Costa Rica,0.023175422
1030,Costa Rica,1,41,16-Costa Rica,0.039822757
1031,Costa Rica,1,41,23-Costa Rica,0.03475672
1032,Switzerland,1,41,37-Switzerland,0.043603145
1033,Costa Rica,1,41,41-Costa Rica,0.026294583000000003
1034,Costa Rica,1,41,51-Costa Rica,0.10023761
1035,Switzerland,1,41,61-Switzerland,0.28117016
1036,Switzerland,1,41,65-Switzerland,0.14555037
1037,Switzerland,1,41,80-Switzerland,0.0140711935
1038,Switzerland,1,41,81-Switzerland,0.036286447
1039,Switzerland,1,41,98-Switzerland,0.011879382
1040,Costa Rica,2,41,109-Costa Rica,0.118436806
1041,Switzerland,2,41,110-Switzerland,0.012841932
1042,Switzerland,2,41,115-Switzerland,0.052026525000000004
1043,Switzerland,2,41,115-Switzerland,0.064109474
1044,Costa Rica,2,41,117-Costa Rica,0.020430936
1045,Costa Rica,2,41,117-Costa Rica,0.03936888
1046,Costa Rica,2,41,120-Costa Rica,0.119698964
1047,Costa Rica,2,41,129-Costa Rica,0.015350747000000001
1048,Switzerland,2,41,142-Switzerland,0.024237284
1049,Switzerland,2,41,151-Switzerland,0.13044025
1050,Costa Rica,2,41,153-Costa Rica,0.044328276
1051,Switzerland,2,41,166-Switzerland,0.12239336
1052,Costa Rica,2,41,170-Costa Rica,0.76
1053,Tunisia,1,42,11-Tunisia,0.10375712000000001
1054,Tunisia,1,42,11-Tunisia,0.040794082
1055,Panama,1,42,15-Panama,0.012413645000000001
1056,Tunisia,1,42,16-Tunisia,0.06574523
1057,Panama,1,42,19-Panama,0.13776845000000001
1058,Tunisia,1,42,28-Tunisia,0.04629684
1059,Tunisia,1,42,38-Tunisia,0.07803709
1060,Panama,1,42,65-Panama,0.010343136000000001
1061,Panama,1,42,65-Panama,0.06565508
1062,Panama,1,42,65-Panama,0.021916207
1063,Tunisia,1,42,72-Tunisia,0.20162188
1064,Tunisia,1,42,77-Tunisia,0.048146144
1065,Tunisia,1,42,85-Tunisia,0.04594687
1066,Tunisia,1,42,85-Tunisia,0.07304394
1067,Tunisia,2,42,99-Tunisia,0.5275347
1068,Tunisia,2,42,104-Tunisia,0.37001118
1069,Tunisia,2,42,105-Tunisia,0.061254997000000005
1070,Tunisia,2,42,107-Tunisia,0.059053212
1071,Tunisia,2,42,117-Tunisia,0.028185949000000002
1072,Panama,2,42,121-Panama,0.22146362
1073,Tunisia,2,42,122-Tunisia,0.86336356
1074,Panama,2,42,131-Panama,0.06853029000000001
1075,Panama,2,42,173-Panama,0.051558923000000006
1076,Panama,2,42,176-Panama,0.06744692000000001
1077,Belgium,1,43,15-Belgium,0.017304068000000002
1078,Belgium,1,43,24-Belgium,0.27107529999999996
1079,England,1,43,27-England,0.009762621
1080,England,1,43,30-England,0.15994564
1081,Belgium,1,43,55-Belgium,0.03120958
1082,Belgium,1,43,56-Belgium,0.02839801
1083,Belgium,1,43,56-Belgium,0.015117425
1084,England,1,43,66-England,0.09864585000000001
1085,Belgium,1,43,67-Belgium,0.019309955
1086,Belgium,1,43,68-Belgium,0.06460058
1087,England,1,43,69-England,0.032915954000000004
1088,Belgium,1,43,71-Belgium,0.04374253
1089,Belgium,1,43,75-Belgium,0.03234172
1090,England,2,43,88-England,0.035140917
1091,Belgium,2,43,93-Belgium,0.055971082000000005
1092,England,2,43,96-England,0.09311461
1093,Belgium,2,43,100-Belgium,0.041134737000000005
1094,England,2,43,118-England,0.46141848
1095,England,2,43,120-England,0.013099739000000001
1096,England,2,43,122-England,0.043852564000000004
1097,England,2,43,138-England,0.033258475
1098,England,2,43,141-England,0.027213536
1099,England,2,43,153-England,0.10419918
1100,Belgium,2,43,154-Belgium,0.05586718
1101,Belgium,2,43,154-Belgium,0.031543646
1102,Belgium,2,43,161-Belgium,0.11537537
1103,Senegal,1,44,2-Senegal,0.018385509
1104,Colombia,1,44,27-Colombia,0.0566497
1105,Senegal,1,44,53-Senegal,0.025512727000000002
1106,Senegal,1,44,55-Senegal,0.023782253000000003
1107,Senegal,1,44,78-Senegal,0.0172271
1108,Senegal,2,44,130-Senegal,0.060219510000000004
1109,Colombia,2,44,132-Colombia,0.056175005
1110,Colombia,2,44,133-Colombia,0.10120047
1111,Colombia,2,44,139-Colombia,0.041071795
1112,Senegal,2,44,142-Senegal,0.14416679999999998
1113,Senegal,2,44,147-Senegal,0.06789428
1114,Japan,1,45,23-Japan,0.23425665
1115,Japan,1,45,25-Japan,0.053607047000000005
1116,Poland,1,45,30-Poland,0.04809402
1117,Japan,1,45,31-Japan,0.060302544000000007
1118,Poland,1,45,61-Poland,0.033656187000000004
1119,Poland,1,45,75-Poland,0.07991653
1120,Poland,1,45,76-Poland,0.011981205
1121,Japan,1,45,77-Japan,0.025308153
1122,Poland,1,45,83-Poland,0.040666994000000005
1123,Japan,1,45,90-Japan,0.03313886
1124,Japan,2,45,115-Japan,0.03229409
1125,Japan,2,45,122-Japan,0.07015477
1126,Japan,2,45,122-Japan,0.09201907000000001
1127,Poland,2,45,124-Poland,0.23551743
1128,Japan,2,45,130-Japan,0.04947128
1129,Poland,2,45,132-Poland,0.033503905
1130,Poland,2,45,137-Poland,0.029353518000000002
1131,Japan,2,45,139-Japan,0.031909276
1132,Japan,2,45,143-Japan,0.08726696
1133,Poland,2,45,149-Poland,0.43632635000000003
1134,Poland,2,45,155-Poland,0.03101412
1135,Poland,2,45,158-Poland,0.035918422000000005
1136,Portugal,1,46,5-Portugal,0.76
1137,Spain,1,46,12-Spain,0.14832218
1138,Portugal,1,46,25-Portugal,0.02269074
1139,Portugal,1,46,28-Portugal,0.036197357
1140,Spain,1,46,32-Spain,0.06969194000000001
1141,Spain,1,46,38-Spain,0.09713406000000001
1142,Spain,1,46,40-Spain,0.020202532000000002
1143,Spain,1,46,43-Spain,0.062251575
1144,Spain,1,46,51-Spain,0.10118199
1145,Spain,1,46,56-Spain,0.07283222
1146,Spain,1,46,61-Spain,0.030200507
1147,Portugal,1,46,64-Portugal,0.045645125
1148,Portugal,2,46,76-Portugal,0.012612009
1149,Spain,2,46,83-Spain,0.8143952999999999
1150,Spain,2,46,90-Spain,0.04156697
1151,Spain,2,46,115-Spain,0.2429229
1152,Portugal,2,46,117-Portugal,0.1113869
1153,Portugal,2,46,125-Portugal,0.028298574000000003
1154,Spain,2,46,132-Spain,0.073466785
1155,Portugal,2,46,141-Portugal,0.10421597
1156,Portugal,2,46,147-Portugal,0.048999257000000004
1157,Portugal,2,46,147-Portugal,0.13751876
1158,Morocco,1,47,5-Morocco,0.046077434
1159,Morocco,1,47,10-Morocco,0.029609
1160,Morocco,1,47,14-Morocco,0.07085477
1161,Morocco,1,47,35-Morocco,0.07372852
1162,Morocco,1,47,35-Morocco,0.24095795
1163,Morocco,1,47,35-Morocco,0.10815939999999999
1164,Iran,1,47,48-Iran,0.13340573
1165,Morocco,1,47,50-Morocco,0.031285852
1166,Morocco,1,47,50-Morocco,0.028232694000000003
1167,Morocco,1,47,58-Morocco,0.025271222000000003
1168,Iran,1,47,61-Iran,0.051201396
1169,Iran,1,47,66-Iran,0.0136635555
1170,Iran,1,47,74-Iran,0.031900298
1171,Iran,1,47,80-Iran,0.31040117
1172,Iran,1,47,80-Iran,0.08619868
1173,Iran,1,47,81-Iran,0.02402857
1174,Iran,1,47,82-Iran,0.022318693
1175,Morocco,2,47,98-Morocco,0.078793846
1176,Morocco,2,47,151-Morocco,0.05185365
1177,Morocco,2,47,152-Morocco,0.14067614
1178,Morocco,2,47,161-Morocco,0.034865562
1179,Morocco,2,47,168-Morocco,0.010904591
1180,Uruguay,1,48,15-Uruguay,0.029159082000000003
1181,Egypt,1,48,23-Egypt,0.07817080600000001
1182,Uruguay,1,48,27-Uruguay,0.037529893
1183,Uruguay,1,48,46-Uruguay,0.024243534
1184,Uruguay,1,48,47-Uruguay,0.035003647
1185,Uruguay,1,48,47-Uruguay,0.35251309999999997
1186,Egypt,1,48,51-Egypt,0.038131673000000005
1187,Uruguay,1,48,58-Uruguay,0.008976703
1188,Uruguay,1,48,63-Uruguay,0.029294828000000002
1189,Egypt,1,48,87-Egypt,0.049055252
1190,Egypt,1,48,94-Egypt,0.014601386000000001
1191,Uruguay,2,48,98-Uruguay,0.20193812
1192,Egypt,2,48,115-Egypt,0.012933628
1193,Uruguay,2,48,138-Uruguay,0.021056544
1194,Uruguay,2,48,143-Uruguay,0.04341239
1195,Egypt,2,48,147-Egypt,0.010525103000000001
1196,Egypt,2,48,165-Egypt,0.077050276
1197,Uruguay,2,48,166-Uruguay,0.028618444000000003
1198,Uruguay,2,48,167-Uruguay,0.05274027
1199,Uruguay,2,48,169-Uruguay,0.06405005
1200,Uruguay,2,48,174-Uruguay,0.056699675000000005
1201,Uruguay,2,48,174-Uruguay,0.3121193
1202,Uruguay,2,48,175-Uruguay,0.07219235
1203,Egypt,2,48,180-Egypt,0.023292
1204,Portugal,1,49,6-Portugal,0.06670855
1205,Portugal,1,49,12-Portugal,0.04152345
1206,Uruguay,1,49,17-Uruguay,0.12867667
1207,Portugal,1,49,21-Portugal,0.053179346
1208,Portugal,1,49,23-Portugal,0.014627706
1209,Uruguay,1,49,27-Uruguay,0.022408487
1210,Portugal,1,49,31-Portugal,0.028033921000000003
1211,Portugal,1,49,31-Portugal,0.016550375000000003
1212,Uruguay,1,49,39-Uruguay,0.055525202
1213,Uruguay,1,49,39-Uruguay,0.017372018
1214,Portugal,1,49,57-Portugal,0.08677224
1215,Uruguay,1,49,61-Uruguay,0.06990554
1216,Portugal,1,49,67-Portugal,0.03539465
1217,Uruguay,1,49,84-Uruguay,0.021073673
1218,Portugal,2,49,101-Portugal,0.016721865000000002
1219,Portugal,2,49,107-Portugal,0.07041674
1220,Portugal,2,49,108-Portugal,0.07295769
1221,Portugal,2,49,115-Portugal,0.02095877
1222,Uruguay,2,49,118-Uruguay,0.06858704
1223,Portugal,2,49,129-Portugal,0.15860659
1224,Portugal,2,49,135-Portugal,0.014971776000000001
1225,Portugal,2,49,143-Portugal,0.03540897
1226,Portugal,2,49,146-Portugal,0.01055744
1227,Portugal,2,49,158-Portugal,0.025650404
1228,Portugal,2,49,160-Portugal,0.020905629000000002
1229,Portugal,2,49,169-Portugal,0.014821737000000001
1230,Portugal,2,49,175-Portugal,0.032322325
1231,Portugal,2,49,176-Portugal,0.027943958
1232,France,1,50,14-France,0.051602125000000006
1233,France,1,50,19-France,0.76
1234,France,1,50,30-France,0.085187316
1235,Argentina,1,50,31-Argentina,0.017679442
1236,Argentina,1,50,70-Argentina,0.023417085
1237,Argentina,2,50,81-Argentina,0.01805186
1238,Argentina,2,50,81-Argentina,0.26717567000000003
1239,France,2,50,94-France,0.27956757
1240,France,2,50,96-France,0.020494217000000002
1241,France,2,50,101-France,0.087858476
1242,France,2,50,101-France,0.10889359
1243,Argentina,2,50,103-Argentina,0.03406537
1244,Argentina,2,50,103-Argentina,0.012726051
1245,France,2,50,105-France,0.26658016
1246,France,2,50,109-France,0.08393145
1247,Argentina,2,50,116-Argentina,0.0893397
1248,Argentina,2,50,138-Argentina,0.11106466
1249,Argentina,2,50,143-Argentina,0.10464588
1250,Argentina,2,50,151-Argentina,0.027632194000000002
1251,Argentina,2,50,160-Argentina,0.16024162
1252,Argentina,2,50,163-Argentina,0.30094245000000003
1253,Denmark,1,51,3-Denmark,0.0944622
1254,Croatia,1,51,7-Croatia,0.23651879
1255,Croatia,1,51,17-Croatia,0.05382158
1256,Croatia,1,51,29-Croatia,0.029022867
1257,Denmark,1,51,34-Denmark,0.0414306
1258,Denmark,1,51,42-Denmark,0.21372627
1259,Croatia,1,51,46-Croatia,0.032937948
1260,Croatia,1,51,46-Croatia,0.22969599000000002
1261,Croatia,1,51,46-Croatia,0.11815242000000001
1262,Croatia,1,51,51-Croatia,0.026669297
1263,Denmark,1,51,54-Denmark,0.017280197
1264,Croatia,1,51,60-Croatia,0.15785885
1265,Croatia,1,51,69-Croatia,0.08391611
1266,Croatia,2,51,78-Croatia,0.023953473000000003
1267,Denmark,2,51,99-Denmark,0.09539435
1268,Croatia,2,51,115-Croatia,0.019249583
1269,Croatia,2,51,116-Croatia,0.02401718
1270,Denmark,2,51,130-Denmark,0.076743476
1271,Denmark,2,51,136-Denmark,0.045748565000000005
1272,Croatia,2,51,140-Croatia,0.024328034000000002
1273,Croatia,2,51,142-Croatia,0.02083624
1274,Croatia,2,51,149-Croatia,0.04107048
1275,Croatia,2,51,153-Croatia,0.018646244000000003
1276,Denmark,2,51,155-Denmark,0.025926415
1277,Croatia,2,51,164-Croatia,0.018071126
1278,Denmark,2,51,166-Denmark,0.042232554000000005
1279,Denmark,3,51,168-Denmark,0.008902527
1280,Denmark,3,51,169-Denmark,0.03528128
1281,Denmark,3,51,179-Denmark,0.023985568000000002
1282,Croatia,4,51,195-Croatia,0.034984365
1283,Denmark,4,51,197-Denmark,0.030674059000000004
1284,Denmark,4,51,203-Denmark,0.043084707
1285,Croatia,4,51,207-Croatia,0.76
1286,Croatia,4,51,211-Croatia,0.058084853000000006
1287,Croatia,4,51,213-Croatia,0.023938777
1288,Denmark,5,51,215-Denmark,0.76
1289,Croatia,5,51,217-Croatia,0.76
1290,Denmark,5,51,219-Denmark,0.76
1291,Croatia,5,51,220-Croatia,0.76
1292,Denmark,5,51,221-Denmark,0.76
1293,Croatia,5,51,222-Croatia,0.76
1294,Denmark,5,51,223-Denmark,0.76
1295,Croatia,5,51,225-Croatia,0.76
1296,Denmark,5,51,227-Denmark,0.76
1297,Croatia,5,51,229-Croatia,0.76
1298,Russia,1,52,13-Russia,0.013032855500000001
1299,Russia,1,52,27-Russia,0.02728922
1300,Russia,1,52,59-Russia,0.06931791
1301,Russia,1,52,65-Russia,0.03571627
1302,Russia,1,52,66-Russia,0.76
1303,Spain,1,52,73-Spain,0.028256387
1304,Spain,1,52,75-Spain,0.10967574000000001
1305,Spain,1,52,76-Spain,0.048102044000000004
1306,Spain,2,52,86-Spain,0.10499947500000001
1307,Spain,2,52,86-Spain,0.11557701000000001
1308,Spain,2,52,94-Spain,0.03172261
1309,Spain,2,52,97-Spain,0.02758163
1310,Spain,2,52,102-Spain,0.07389509999999999
1311,Spain,2,52,131-Spain,0.08824976500000001
1312,Spain,2,52,134-Spain,0.030222496
1313,Spain,2,52,134-Spain,0.06509003000000001
1314,Spain,2,52,138-Spain,0.036403336
1315,Spain,2,52,140-Spain,0.07084536
1316,Russia,2,52,147-Russia,0.03074653
1317,Russia,2,52,147-Russia,0.18535285
1318,Spain,3,52,150-Spain,0.02227883
1319,Spain,3,52,156-Spain,0.011913557
1320,Spain,3,52,159-Spain,0.035407703000000006
1321,Spain,3,52,164-Spain,0.04707221
1322,Spain,3,52,170-Spain,0.062251784000000004
1323,Spain,4,52,176-Spain,0.045856435
1324,Spain,4,52,176-Spain,0.04681829
1325,Spain,4,52,176-Spain,0.11604062
1326,Spain,4,52,176-Spain,0.069822535
1327,Spain,4,52,182-Spain,0.02061616
1328,Russia,4,52,190-Russia,0.07957767
1329,Spain,4,52,193-Spain,0.09327275
1330,Spain,5,52,198-Spain,0.76
1331,Russia,5,52,199-Russia,0.76
1332,Spain,5,52,200-Spain,0.76
1333,Russia,5,52,201-Russia,0.76
1334,Spain,5,52,202-Spain,0.76
1335,Russia,5,52,204-Russia,0.76
1336,Spain,5,52,205-Spain,0.76
1337,Russia,5,52,206-Russia,0.76
1338,Spain,5,52,207-Spain,0.76
1339,Mexico,1,53,5-Mexico,0.06658371
1340,Brazil,1,53,10-Brazil,0.058611713
1341,Mexico,1,53,15-Mexico,0.012872785000000001
1342,Mexico,1,53,33-Mexico,0.022291869000000002
1343,Mexico,1,53,40-Mexico,0.065856494
1344,Brazil,1,53,45-Brazil,0.118274815
1345,Brazil,1,53,46-Brazil,0.15153918
1346,Brazil,1,53,46-Brazil,0.04343382
1347,Mexico,1,53,51-Mexico,0.034896925
1348,Brazil,1,53,59-Brazil,0.08619458
1349,Brazil,1,53,59-Brazil,0.26519442
1350,Brazil,1,53,61-Brazil,0.0563611
1351,Brazil,1,53,68-Brazil,0.026985602
1352,Brazil,1,53,69-Brazil,0.022701386
1353,Brazil,2,53,84-Brazil,0.0389092
1354,Brazil,2,53,89-Brazil,0.0805834
1355,Mexico,2,53,93-Mexico,0.0561141
1356,Brazil,2,53,94-Brazil,0.9060054
1357,Mexico,2,53,95-Mexico,0.03210044
1358,Mexico,2,53,97-Mexico,0.028096383000000003
1359,Brazil,2,53,101-Brazil,0.03725149
1360,Brazil,2,53,105-Brazil,0.23672014
1361,Mexico,2,53,111-Mexico,0.030504575000000003
1362,Mexico,2,53,111-Mexico,0.029662069000000003
1363,Brazil,2,53,117-Brazil,0.040985383
1364,Brazil,2,53,129-Brazil,0.12596945
1365,Mexico,2,53,131-Mexico,0.024315039
1366,Brazil,2,53,136-Brazil,0.027183553000000003
1367,Mexico,2,53,159-Mexico,0.022838736000000002
1368,Brazil,2,53,163-Brazil,0.38042033000000003
1369,Brazil,2,53,163-Brazil,0.94884586
1370,Mexico,2,53,170-Mexico,0.021488225
1371,Mexico,2,53,176-Mexico,0.077924214
1372,Japan,1,54,3-Japan,0.027232982000000003
1373,Japan,1,54,17-Japan,0.008210159
1374,Belgium,1,54,29-Belgium,0.028887864000000003
1375,Belgium,1,54,30-Belgium,0.019036157
1376,Belgium,1,54,30-Belgium,0.050338406
1377,Belgium,1,54,31-Belgium,0.040990252000000005
1378,Belgium,1,54,31-Belgium,0.08064813
1379,Belgium,1,54,35-Belgium,0.06993103
1380,Belgium,1,54,43-Belgium,0.3699651
1381,Belgium,1,54,44-Belgium,0.094502084
1382,Belgium,1,54,46-Belgium,0.039684262000000005
1383,Belgium,1,54,48-Belgium,0.33547813
1384,Japan,1,54,53-Japan,0.030235477
1385,Belgium,1,54,63-Belgium,0.120016776
1386,Belgium,1,54,63-Belgium,0.020421704000000002
1387,Japan,1,54,78-Japan,0.028225422000000003
1388,Japan,2,54,88-Japan,0.12982203
1389,Belgium,2,54,89-Belgium,0.08643882
1390,Belgium,2,54,89-Belgium,0.24768028
1391,Japan,2,54,93-Japan,0.020148454
1392,Belgium,2,54,102-Belgium,0.026841085
1393,Japan,2,54,107-Japan,0.021255624
1394,Belgium,2,54,113-Belgium,0.15408178
1395,Japan,2,54,117-Japan,0.12151666
1396,Belgium,2,54,118-Belgium,0.030506052000000002
1397,Belgium,2,54,125-Belgium,0.1338646
1398,Belgium,2,54,127-Belgium,0.017889835
1399,Belgium,2,54,132-Belgium,0.06495264
1400,Belgium,2,54,133-Belgium,0.14121556
1401,Japan,2,54,136-Japan,0.10810731
1402,Japan,2,54,136-Japan,0.029776983000000003
1403,Belgium,2,54,142-Belgium,0.050990433
1404,Belgium,2,54,145-Belgium,0.014192299
1405,Japan,2,54,149-Japan,0.16290627
1406,Belgium,2,54,154-Belgium,0.053574808
1407,Belgium,2,54,154-Belgium,0.10135174500000001
1408,Belgium,2,54,155-Belgium,0.006575297000000001
1409,Belgium,2,54,157-Belgium,0.019006342000000002
1410,Japan,2,54,167-Japan,0.018304875
1411,Belgium,2,54,169-Belgium,0.36149856
1412,England,1,55,11-England,0.0368495
1413,England,1,55,17-England,0.03311776
1414,England,1,55,29-England,0.03958788
1415,England,1,55,33-England,0.41613644
1416,Colombia,1,55,42-Colombia,0.020882925
1417,Colombia,1,55,42-Colombia,0.014071028000000001
1418,England,1,55,53-England,0.03711321
1419,Colombia,1,55,58-Colombia,0.021840936000000002
1420,England,1,55,66-England,0.029922023000000002
1421,England,1,55,73-England,0.011875783
1422,Colombia,1,55,75-Colombia,0.020824121
1423,England,1,55,80-England,0.033690855
1424,England,2,55,96-England,0.76
1425,Colombia,2,55,98-Colombia,0.015907139
1426,England,2,55,104-England,0.08432072
1427,England,2,55,120-England,0.028827554000000002
1428,Colombia,2,55,135-Colombia,0.095188744
1429,England,2,55,139-England,0.043845966
1430,Colombia,2,55,141-Colombia,0.053967193000000004
1431,Colombia,2,55,141-Colombia,0.0721483
1432,Colombia,2,55,143-Colombia,0.021264764000000002
1433,Colombia,2,55,151-Colombia,0.0071813106
1434,Colombia,2,55,152-Colombia,0.09781332
1435,Colombia,3,55,173-Colombia,0.03384735
1436,Colombia,3,55,174-Colombia,0.029281767
1437,Colombia,3,55,177-Colombia,0.054241486000000005
1438,England,4,55,184-England,0.025375264
1439,England,4,55,188-England,0.03604893
1440,England,4,55,201-England,0.034295984
1441,England,4,55,204-England,0.08100919
1442,England,4,55,212-England,0.024530618
1443,Colombia,5,55,216-Colombia,0.76
1444,England,5,55,217-England,0.76
1445,Colombia,5,55,218-Colombia,0.76
1446,England,5,55,219-England,0.76
1447,Colombia,5,55,220-Colombia,0.76
1448,England,5,55,221-England,0.76
1449,Colombia,5,55,223-Colombia,0.76
1450,England,5,55,224-England,0.76
1451,Colombia,5,55,225-Colombia,0.76
1452,England,5,55,227-England,0.76
1453,Switzerland,1,56,3-Switzerland,0.016436616
1454,Switzerland,1,56,14-Switzerland,0.021616297000000003
1455,Sweden,1,56,16-Sweden,0.041027226
1456,Sweden,1,56,18-Sweden,0.22827044
1457,Sweden,1,56,18-Sweden,0.07136759
1458,Sweden,1,56,27-Sweden,0.015247153000000001
1459,Switzerland,1,56,45-Switzerland,0.032466087000000005
1460,Sweden,1,56,50-Sweden,0.049071766
1461,Switzerland,1,56,58-Switzerland,0.009175538
1462,Switzerland,1,56,62-Switzerland,0.019652449000000002
1463,Switzerland,1,56,68-Switzerland,0.053666780000000004
1464,Sweden,1,56,70-Sweden,0.024272755
1465,Sweden,1,56,71-Sweden,0.14879996
1466,Sweden,2,56,84-Sweden,0.1502
1467,Switzerland,2,56,90-Switzerland,0.014341364
1468,Sweden,2,56,109-Sweden,0.040793784
1469,Sweden,2,56,115-Sweden,0.08307577000000001
1470,Sweden,2,56,121-Sweden,0.022122003
1471,Switzerland,2,56,122-Switzerland,0.015223796500000001
1472,Switzerland,2,56,125-Switzerland,0.019838547
1473,Switzerland,2,56,127-Switzerland,0.016685603
1474,Switzerland,2,56,138-Switzerland,0.015118249
1475,Switzerland,2,56,138-Switzerland,0.038877215
1476,Switzerland,2,56,139-Switzerland,0.04678116
1477,Switzerland,2,56,150-Switzerland,0.025724515
1478,Switzerland,2,56,150-Switzerland,0.05273076
1479,Switzerland,2,56,159-Switzerland,0.053710934
1480,Sweden,2,56,164-Sweden,0.09292428
1481,Uruguay,1,57,11-Uruguay,0.022234399000000002
1482,France,1,57,13-France,0.014286653000000002
1483,France,1,57,19-France,0.0388569
1484,France,1,57,22-France,0.033427265000000005
1485,Uruguay,1,57,26-Uruguay,0.017136715
1486,France,1,57,28-France,0.16058815
1487,France,1,57,35-France,0.009776755
1488,Uruguay,1,57,66-Uruguay,0.07560027
1489,France,1,57,76-France,0.043716896000000005
1490,Uruguay,1,57,78-Uruguay,0.011719059
1491,Uruguay,1,57,90-Uruguay,0.030542174000000002
1492,Uruguay,1,57,90-Uruguay,0.22024369
1493,France,2,57,112-France,0.009968631
1494,Uruguay,2,57,120-Uruguay,0.02897384
1495,Uruguay,2,57,126-Uruguay,0.016463226
1496,France,2,57,131-France,0.021203276
1497,Uruguay,2,57,134-Uruguay,0.016461820000000002
1498,Uruguay,2,57,134-Uruguay,0.028004367000000002
1499,France,2,57,144-France,0.07750860600000001
1500,France,2,57,149-France,0.028800627000000002
1501,France,2,57,170-France,0.027558401000000003
1502,Belgium,1,58,4-Belgium,0.01971763
1503,Brazil,1,58,15-Brazil,0.36159334
1504,Belgium,1,58,16-Belgium,0.042406905
1505,Belgium,1,58,16-Belgium,0.0138102425
1506,Brazil,1,58,17-Brazil,0.17151164
1507,Brazil,1,58,18-Brazil,0.21023166000000001
1508,Belgium,1,58,21-Belgium,0.06367598000000001
1509,Brazil,1,58,23-Brazil,0.2528006
1510,Brazil,1,58,31-Brazil,0.051233336000000004
1511,Brazil,1,58,49-Brazil,0.019016622
1512,Brazil,1,58,59-Brazil,0.06655381
1513,Brazil,1,58,59-Brazil,0.014629562
1514,Belgium,1,58,61-Belgium,0.038587574
1515,Brazil,1,58,65-Brazil,0.084124245
1516,Brazil,1,58,69-Brazil,0.0186501
1517,Belgium,1,58,72-Belgium,0.024194239000000003
1518,Belgium,1,58,73-Belgium,0.026964227
1519,Brazil,2,58,95-Brazil,0.027100226
1520,Brazil,2,58,98-Brazil,0.09042175
1521,Belgium,2,58,114-Belgium,0.10590879600000001
1522,Brazil,2,58,115-Brazil,0.022356467
1523,Brazil,2,58,119-Brazil,0.03897969
1524,Brazil,2,58,130-Brazil,0.014660499
1525,Brazil,2,58,133-Brazil,0.018556835
1526,Brazil,2,58,149-Brazil,0.023014523000000002
1527,Brazil,2,58,149-Brazil,0.2867541
1528,Brazil,2,58,152-Brazil,0.24401957000000002
1529,Brazil,2,58,155-Brazil,0.06907036
1530,Brazil,2,58,160-Brazil,0.12589678
1531,Brazil,2,58,163-Brazil,0.08818953
1532,Brazil,2,58,176-Brazil,0.03822777
1533,Brazil,2,58,179-Brazil,0.05033908
1534,Brazil,2,58,180-Brazil,0.12785628
1535,Sweden,1,59,29-Sweden,0.013184253000000002
1536,England,1,59,42-England,0.038979113
1537,England,1,59,62-England,0.029323215000000003
1538,England,1,59,69-England,0.01701937
1539,England,1,59,87-England,0.12916788
1540,Sweden,2,59,92-Sweden,0.035695355000000005
1541,Sweden,2,59,103-Sweden,0.03667413
1542,England,2,59,107-England,0.040737465
1543,England,2,59,112-England,0.015189848
1544,England,2,59,114-England,0.03597678
1545,England,2,59,114-England,0.075022474
1546,Sweden,2,59,118-Sweden,0.14778149999999998
1547,Sweden,2,59,118-Sweden,0.18742979
1548,Sweden,2,59,119-Sweden,0.016422462000000002
1549,England,2,59,127-England,0.09992775
1550,England,2,59,132-England,0.040958703
1551,England,2,59,132-England,0.02359351
1552,Sweden,2,59,135-Sweden,0.17437012000000002
1553,England,2,59,151-England,0.07257323
1554,Sweden,2,59,162-Sweden,0.085483536
1555,Russia,1,60,6-Russia,0.043508399999999996
1556,Russia,1,60,12-Russia,0.036590297
1557,Croatia,1,60,16-Croatia,0.1289406
1558,Croatia,1,60,23-Croatia,0.14648144
1559,Croatia,1,60,31-Croatia,0.056302399999999996
1560,Croatia,1,60,49-Croatia,0.026196495
1561,Russia,1,60,57-Russia,0.04937909
1562,Croatia,1,60,58-Croatia,0.019988477
1563,Croatia,1,60,61-Croatia,0.09356984
1564,Russia,1,60,66-Russia,0.03965267
1565,Russia,1,60,69-Russia,0.08771148000000001
1566,Croatia,1,60,70-Croatia,0.18024585
1567,Croatia,2,60,92-Croatia,0.011789992000000001
1568,Croatia,2,60,96-Croatia,0.038591906
1569,Croatia,2,60,107-Croatia,0.017690659
1570,Croatia,2,60,111-Croatia,0.18332191
1571,Russia,2,60,113-Russia,0.02685111
1572,Croatia,2,60,115-Croatia,0.01732801
1573,Russia,2,60,126-Russia,0.17988612
1574,Croatia,2,60,134-Croatia,0.10150735
1575,Croatia,2,60,134-Croatia,0.04244052
1576,Croatia,2,60,135-Croatia,0.05353355
1577,Russia,2,60,159-Russia,0.032228164000000004
1578,Croatia,3,60,181-Croatia,0.059713338000000005
1579,Russia,3,60,186-Russia,0.18619101
1580,Russia,3,60,187-Russia,0.058092095
1581,Croatia,4,60,208-Croatia,0.017122362000000002
1582,Russia,4,60,218-Russia,0.031778593
1583,Russia,4,60,223-Russia,0.20881042
1584,Croatia,4,60,226-Croatia,0.013848584
1585,Russia,4,60,229-Russia,0.020202005000000002
1586,Russia,5,60,239-Russia,0.76
1587,Croatia,5,60,241-Croatia,0.76
1588,Russia,5,60,242-Russia,0.76
1589,Croatia,5,60,243-Croatia,0.76
1590,Russia,5,60,245-Russia,0.76
1591,Croatia,5,60,246-Croatia,0.76
1592,Russia,5,60,247-Russia,0.76
1593,Croatia,5,60,248-Croatia,0.76
1594,Russia,5,60,249-Russia,0.76
1595,Croatia,5,60,250-Croatia,0.76
1596,Belgium,1,61,25-Belgium,0.024234105000000002
1597,France,1,61,30-France,0.02174498
1598,Belgium,1,61,32-Belgium,0.024862373
1599,Belgium,1,61,36-Belgium,0.09854674000000001
1600,France,1,61,38-France,0.20180936
1601,France,1,61,52-France,0.050687373
1602,France,1,61,54-France,0.13558175
1603,France,1,61,55-France,0.03738016
1604,France,1,61,57-France,0.20644267
1605,France,1,61,63-France,0.027543284
1606,France,1,61,65-France,0.025069024000000002
1607,France,1,61,65-France,0.13357835
1608,France,1,61,68-France,0.023862159
1609,France,1,61,73-France,0.02714255
1610,Belgium,2,61,78-Belgium,0.060829442000000004
1611,France,2,61,83-France,0.058054727
1612,France,2,61,84-France,0.06915568
1613,France,2,61,93-France,0.03639917
1614,France,2,61,93-France,0.18269856
1615,Belgium,2,61,96-Belgium,0.012782767
1616,Belgium,2,61,102-Belgium,0.07364095
1617,Belgium,2,61,108-Belgium,0.04998969700000001
1618,France,2,61,114-France,0.041357297
1619,Belgium,2,61,123-Belgium,0.036002655
1620,France,2,61,129-France,0.03362492
1621,Belgium,2,61,134-Belgium,0.012945979000000002
1622,France,2,61,145-France,0.10843167000000001
1623,France,2,61,154-France,0.13713782
1624,England,1,62,11-England,0.12567155
1625,England,1,62,27-England,0.021540243
1626,Croatia,1,62,35-Croatia,0.016846636
1627,Croatia,1,62,37-Croatia,0.055838488000000006
1628,Croatia,1,62,41-Croatia,0.012736659000000001
1629,Croatia,1,62,57-Croatia,0.036692195000000004
1630,England,1,62,69-England,0.090453185
1631,England,1,62,72-England,0.037089854000000005
1632,Croatia,1,62,82-Croatia,0.016727628
1633,England,2,62,110-England,0.08091222
1634,Croatia,2,62,117-Croatia,0.022914035000000003
1635,Croatia,2,62,126-Croatia,0.048609070000000004
1636,England,2,62,128-England,0.024656545000000002
1637,Croatia,2,62,130-Croatia,0.21422297
1638,Croatia,2,62,136-Croatia,0.13162221
1639,Croatia,2,62,136-Croatia,0.19748649999999998
1640,Croatia,2,62,141-Croatia,0.02484948
1641,England,2,62,148-England,0.051685184
1642,England,2,62,150-England,0.022736926
1643,Croatia,2,62,160-Croatia,0.06498638500000001
1644,Croatia,2,62,169-Croatia,0.071935974
1645,Croatia,2,62,181-Croatia,0.0143811945
1646,England,2,62,184-England,0.040824108000000005
1647,England,3,62,197-England,0.023486001000000003
1648,England,3,62,198-England,0.024524303
1649,Croatia,3,62,202-Croatia,0.018896516000000002
1650,Croatia,3,62,214-Croatia,0.0536042
1651,Croatia,3,62,214-Croatia,0.32170224000000003
1652,Croatia,4,62,221-Croatia,0.04095857
1653,Croatia,4,62,224-Croatia,0.16673054
1654,Croatia,4,62,234-Croatia,0.11227563
1655,Croatia,4,62,235-Croatia,0.017638646
1656,Croatia,4,62,242-Croatia,0.11581274
1657,Belgium,1,63,7-Belgium,0.27171287
1658,England,1,63,21-England,0.058498446
1659,Belgium,1,63,22-Belgium,0.06739257
1660,England,1,63,26-England,0.020595605000000003
1661,England,1,63,29-England,0.055061594000000005
1662,England,1,63,35-England,0.017285565000000003
1663,England,1,63,40-England,0.11955039
1664,England,1,63,41-England,0.0300496
1665,Belgium,1,63,47-Belgium,0.06742121
1666,Belgium,1,63,52-Belgium,0.06664283
1667,Belgium,1,63,53-Belgium,0.039576616
1668,Belgium,1,63,53-Belgium,0.06993302
1669,Belgium,1,63,69-Belgium,0.050955232
1670,Belgium,1,63,73-Belgium,0.07047354
1671,England,2,63,86-England,0.043156076
1672,England,2,63,86-England,0.020551397000000002
1673,England,2,63,101-England,0.039298184
1674,England,2,63,105-England,0.027484886
1675,England,2,63,108-England,0.27393588
1676,England,2,63,109-England,0.043217797
1677,England,2,63,114-England,0.067694925
1678,England,2,63,117-England,0.04979982
1679,Belgium,2,63,121-Belgium,0.07904422
1680,Belgium,2,63,127-Belgium,0.038006403
1681,England,2,63,129-England,0.028735736
1682,Belgium,2,63,134-Belgium,0.3258567
1683,Croatia,1,64,43-Croatia,0.03956578
1684,Croatia,1,64,49-Croatia,0.06320835
1685,Croatia,1,64,58-Croatia,0.053809088000000005
1686,France,1,64,73-France,0.76
1687,Croatia,1,64,74-Croatia,0.11704702
1688,Croatia,1,64,80-Croatia,0.049032133000000006
1689,Croatia,1,64,80-Croatia,0.03344122
1690,Croatia,1,64,83-Croatia,0.11982173
1691,France,2,64,95-France,0.029134342
1692,Croatia,2,64,97-Croatia,0.073524505
1693,Croatia,2,64,98-Croatia,0.014937218
1694,Croatia,2,64,102-Croatia,0.013574332000000001
1695,France,2,64,107-France,0.07142277
1696,France,2,64,120-France,0.04418571
1697,France,2,64,120-France,0.06329457
1698,France,2,64,122-France,0.04114575
1699,Croatia,2,64,127-Croatia,0.026052758000000002
1700,France,2,64,128-France,0.02637408
1701,Croatia,2,64,136-Croatia,0.63803214
1702,Croatia,2,64,147-Croatia,0.006807183400000001
1703,Croatia,2,64,150-Croatia,0.037174784
1704,France,2,64,164-France,0.012576408
1705,Croatia,2,64,168-Croatia,0.017190391000000003
